{"count":1,"self":670.8028928,"total":686.731775,"children":{"AgentSendState":{"count":34118,"self":0.58070349999999993,"total":0.90707419999999994,"children":{"CollectObservations":{"count":61416,"self":0.3014454,"total":0.3014454,"children":null},"CollectDiscreteActionMasks":{"count":61416,"self":0.024925299999999997,"total":0.024925299999999997,"children":null}}},"DecideAction":{"count":34118,"self":12.7940656,"total":12.794065999999999,"children":null},"AgentAct":{"count":34118,"self":2.227764,"total":2.2277639,"children":null}},"gauges":{"3DBall.CumulativeReward":{"count":142,"max":100.099045,"min":0.600000262,"runningAverage":38.54267,"value":13.3000183,"weightedAverage":13.08153}},"metadata":{"timer_format_version":"0.1.0","start_time_seconds":"1630301718","unity_version":"2020.1.4f1","command_line_arguments":"C:\\Program Files\\Unity\\Hub\\Editor\\2020.1.4f1\\Editor\\Unity.exe -projectpath D:\/30119\/3DBall -useHub -hubIPC -cloudEnvironment production -hubSessionId add60960-094d-11ec-99f9-474e906827c4","communication_protocol_version":"1.0.0","com.unity.ml-agents_version":"1.0.8","scene_name":"SampleScene","end_time_seconds":"1630302405"}}